<?xml version="1.0" encoding="utf-8"?>
<productAdditionalComps>
   <dependsOn>
      <component>
         <name>Annotation_Tool</name>
         <locale/>
         <platformList>
            <platform>maci64</platform>
         </platformList>
         <version>7.0</version>
      </component>
   </dependsOn>
   <isControllingProduct>true</isControllingProduct>
   <platform>maci64</platform>
   <productName>Annotation_Tool</productName>
   <productNumber>5000</productNumber>
   <productBaseCode>Annotation_Tool</productBaseCode>
   <productVersion>7.0</productVersion>
   <releaseFamily>R2020a</releaseFamily>
   <releaseDescription>R2020a</releaseDescription>
</productAdditionalComps>