<?xml version="1.0" encoding="utf-8"?>
<ApplicationInstallerManifest>
   <DefaultInstallationDirectory>/Applications/Mondragon_Unibertsitatea/Annotation_Tool/</DefaultInstallationDirectory>
   <ApplicationName>Annotation_Tool</ApplicationName>
   <ExecutableName>application/Annotation_Tool.exe</ExecutableName>
   <GUID>c0d2abe1-0fa7-4c49-97f4-602c60b5e45b</GUID>
   <ApplicationIcon>default_icon_48.png</ApplicationIcon>
   <Logo>default_logo.png</Logo>
   <Version>7.0</Version>
   <InstallationNotes>In the following directions, replace MR/v98 by the directory on the target machine where MATLAB is installed, or MR by the directory where the MATLAB Runtime is installed.

If the environment variable DYLD_LIBRARY_PATH is undefined, set it to the following string:

MR/v98/runtime/maci64:MR/v98/sys/os/maci64:MR/v98/bin/maci64

If it is defined, set it to the following:

${DYLD_LIBRARY_PATH}:MR/v98/runtime/maci64:MR/v98/sys/os/maci64:MR/v98/bin/maci64
</InstallationNotes>
   <AuthorOrganization>Mondragon Unibertsitatea</AuthorOrganization>
   <WelcomePanelText>Annotation_Tool 7.0
David Romero
dromero@mondragon.edu</WelcomePanelText>
   <MCRProducts>
      <MCRProduct>
         <ExternalProductIdentifier>35000</ExternalProductIdentifier>
      </MCRProduct>
      <MCRProduct>
         <ExternalProductIdentifier>35010</ExternalProductIdentifier>
      </MCRProduct>
      <MCRProduct>
         <ExternalProductIdentifier>35117</ExternalProductIdentifier>
      </MCRProduct>
      <MCRProduct>
         <ExternalProductIdentifier>35119</ExternalProductIdentifier>
      </MCRProduct>
   </MCRProducts>
</ApplicationInstallerManifest>